id,tags,isEnable,nameKey,descKey,icon,diamondCost,effectKey,effectValue,prerequisiteIds
ST_ALLY_CAP,,TRUE,SkillTree_AllyCap_Name,SkillTree_AllyCap_Desc,,50,AllyCapIncrease,3,
ST_WAVE_GOLD,,TRUE,SkillTree_WaveGold_Name,SkillTree_WaveGold_Desc,,50,WaveGoldRewardPercent,20,
ST_DICE_REROLL,,TRUE,SkillTree_DiceReroll_Name,SkillTree_DiceReroll_Desc,,50,DiceRerollCountIncrease,1,
ST_UNIT_4STAR,,TRUE,SkillTree_Unit4Star_Name,SkillTree_Unit4Star_Desc,,150,MergeStarCapIncrease,1,ST_ALLY_CAP
ST_DICE_2STAR,,TRUE,SkillTree_Dice2Star_Name,SkillTree_Dice2Star_Desc,,100,Unlock2StarDice,1,ST_DICE_REROLL
ST_ALLY_STAT,,TRUE,SkillTree_AllyStat_Name,SkillTree_AllyStat_Desc,,200,AllyAllStatsPercent,10,ST_ALLY_CAP
ST_LINEAGE_DMG,,TRUE,SkillTree_LineageDmg_Name,SkillTree_LineageDmg_Desc,,300,LineageDamageMultiplier,50,
ST_DICE_FACE,,TRUE,SkillTree_DiceFace_Name,SkillTree_DiceFace_Desc,,250,DiceFaceRemoval,1,ST_DICE_REROLL
ST_START_GOLD,,TRUE,SkillTree_StartGold_Name,SkillTree_StartGold_Desc,,50,StartingGoldIncrease,100,
