id,skillType,nameKey,descKey,abilityId,cooldown,castTime,targetGroup,targetOption,targetCount,effectKey,isEnable,animClip,startupDelay,priority
SoldierBasicSkill,Basic,SoldierBasicSkill_Name,,MeleeAttack,0,0,Enemy,General,1,HitEffect01,TRUE,Attack,0.2,2
ArcherBasicSkill,Basic,ArcherBasicSkill_Name,,RangedAttack,0,0,Enemy,General,1,ArrowEffect01,TRUE,Attack,0.36,2
SwordmanBasicSkill,Basic,SwordmanBasicSkill_Name,,MeleeAttack,0,0,Enemy,General,1,Hit_Slash01,TRUE,Attack,0.2,2
LancerBasicSkill,Basic,LancerBasicSkill_Name,,MeleeAttack,0,0,Enemy,General,1,Hit_Crush01,TRUE,Attack,0.14,2
PriestBasicSkill,Basic,PriestBasicSkill_Name,,Heal,0,0,Ally,General,1,HealEffect01,TRUE,Heal,0.14,2
AxemanBasicSkill,Basic,AxemanBasicSkill_Name,,MeleeAttack,0,0,Enemy,General,1,Slash_Storm01,TRUE,Attack,0.24,2
WizardBasicSkill,Basic,WizardBasicSkill_Name,,MagicAttack,0,0,Enemy,General,1,Magic_Star01,TRUE,Attack,0.13,2
KnightBasicSkill,Basic,KnightBasicSkill_Name,,MeleeAttack,0,0,Enemy,General,1,Hit_Spark01,TRUE,Attack,0.13,2
TemplerBasicSkill,Basic,TemplerBasicSkill_Name,,MeleeAttack,0,0,Enemy,General,1,Hit_Critical01,TRUE,Attack,0,2
,,,,,,,,,,,,,,
SlimeBasicSkill,Basic,SK_SLIME_BASIC,,MeleeAttack,0,0,Enemy,General,1,Debuff_Stun01,TRUE,Attack,0.13,2
BatBasicSkill,Basic,SK_BAT_BASIC,,RangedAttack,0,0,Enemy,General,1,Proj_ArcaneBolt01,TRUE,Attack01,0.13,2
SkeletonBasicSkill,Basic,SK_SKELETON_BASIC,,MeleeAttack,0,0,Enemy,General,1,HitEffect01,TRUE,Attack,0.06,2
SkeletonArcherBasicSkill,Basic,SK_SKELETONARCHER_BASIC,,RangedAttack,0,0,Enemy,General,1,ArrowEffect01,TRUE,Attack,0.3,2
OrcBasicSkill,Basic,SK_ORC_BASIC,,MeleeAttack,0,0,Enemy,General,1,Slash_Cross01,TRUE,Attack,0.16,2
WerewolfBasicSkill,Basic,SK_WEREWOLF_BASIC,,MeleeAttack,0,0,Enemy,General,1,Hit_Shatter01,TRUE,Attack,0.24,2
ArmoredSkeletonBasicSkill,Basic,SK_ARMOREDSKELETON_BASIC,,MeleeAttack,0,0,Enemy,General,1,Slash_Cross01,TRUE,Attack,0.24,2
GreatswordSkeletonBasicSkill,Basic,SK_GREATSWORDSKELETON_BASIC,,MeleeAttack,0,0,Enemy,General,1,Support_BuffAttack01,TRUE,Attack,0.22,2
OrcRiderBasicSkill,Basic,SK_ORCRIDER_BASIC,,MeleeAttack,0,0,Enemy,General,1,Hit_Pierce01,TRUE,Attack,0.22,2
ArmoredOrcBasicSkill,Basic,SK_ARMORED_ORC_BASIC,,MeleeAttack,0,0,Enemy,General,1,Hit_Pierce01,TRUE,Attack,0.22,2
WerebearBasicSkill,Basic,SK_WEREBEAR_BASIC,,MeleeAttack,0,0,Enemy,General,1,Hit_Claw01,TRUE,Attack02,0.22,2
NecroBasicSkill,Basic,SK_NECRO_BASIC,,MagicAttack,0,0,Enemy,General,1,Magic_Dark01,TRUE,Attack,0.22,2
EliteOrcBasicSkill,Basic,SK_ELITEORC_BASIC,,MeleeAttack,0,0,Enemy,General,1,Magic_Explosion01,TRUE,Attack,0.14,2
,,SK_SOLDIER_T2,,,,,,,,,,,,
SK_SOLDIER_T2,Active,SK_SOLDIER_T2,,MeleeAttack,6,0.3,Enemy,General,3,Hit_Splash01,TRUE,Attack02,0.16,1
SK_ARCHER_T2,Active,SK_ARCHER_T2,,RangedAttack,6,0.3,Enemy,General,3,ArrowEffect02,TRUE,Attack02,0.52,1
SK_SWORDSMAN_T2,Active,SK_SWORDSMAN_T2,,MeleeAttack,6,0.3,Enemy,General,2,Hit_Slash02,FALSE,Attack02,0,1
SK_SWORDSMAN_T3,Active,SK_SWORDSMAN_T3,,MeleeAttack,9,0.4,Enemy,General,3,Hit_Slash02,TRUE,Attack3,0.27,1
SK_LANCER_T2,Active,SK_LANCER_T2,,MeleeAttack,6,0.3,Enemy,General,3,Hit_Heavy01,TRUE,Attack02,0.08,1
SK_PRIEST_T3,Active,SK_PRIEST_T3,,Heal,6,0.3,Ally,General,15,HealEffect01,TRUE,Heal,0.14,1
SK_AXEMAN_T2,Active,SK_AXEMAN_T2,,MeleeAttack,6,0.3,Enemy,General,2,Hit_Shockwave01,FALSE,Attack02,0,1
SK_AXEMAN_T3,Active,SK_AXEMAN_T3,,MeleeAttack,9,0.4,Enemy,General,3,Hit_Blood01,TRUE,Attack03,0.2,1
SK_WIZARD_T2,Active,SK_WIZARD_T2,,MagicAttack,6,0.3,Enemy,General,3,Magic_Meteor01,TRUE,Attack02,0.3,1
SK_KNIGHT_T3,Active,SK_KNIGHT_T3,,MeleeAttack,9,0.4,Enemy,General,3,Magic_Explosion01,TRUE,Attack03,0.4,1
SK_ORC_Active,Active,SK_ORC_ACTIVE,,MeleeAttack,6,0.3,Enemy,General,3,Slash_Storm01,TRUE,Attack02,0.14,1
SK_WEREWOLF_Active,Active,SK_WEREWOLF_ACTIVE,,MeleeAttack,6,0.3,Enemy,General,3,Hit_Slash02,TRUE,Attack02,0.42,1
SK_ARMSKEL_Active,Active,SK_ARMSKEL_ACTIVE,,MeleeAttack,9,0.4,Enemy,General,3,Hit_Slash02,TRUE,Attack02,0.1,1
SK_GSSKEL_Active,Active,SK_GSSKEL_ACTIVE,,MeleeAttack,6,0.3,Enemy,General,3,Hit_Shockwave01,TRUE,Attack02,0.35,1
SK_ORCRIDER_Active,Active,SK_ORCRIDER_ACTIVE,,MeleeAttack,6,0.3,Enemy,General,3,Debuff_Burn01,TRUE,Attack03,0.35,1
SK_ARMORC_Active,Active,SK_ARMORC_ACTIVE,,MeleeAttack,9,0.4,Enemy,General,3,Hit_Shockwave01,TRUE,Attack03,0.35,1
SK_WEREBEAR_Active,Active,SK_WEREBEAR_ACTIVE,,MeleeAttack,6,0.3,Enemy,General,3,Hit_Claw01,TRUE,Attack02,0.35,1
SK_NECRO_Active,Active,SK_NECRO_ACTIVE,,MagicAttack,6,0.4,Enemy,General,7,Magic_Necro01,TRUE,Attack02,0.28,1
SK_ELITEORC_Active,Active,SK_ELITEORC_ACTIVE,,MeleeAttack,4,0.3,Enemy,General,7,Magic_Nova01,TRUE,Attack02,0.12,1